CREATE DATABASE  IF NOT EXISTS `feminicidio` /*!40100 DEFAULT CHARACTER SET latin1 */;
USE `feminicidio`;
-- MySQL dump 10.13  Distrib 5.7.27, for Linux (x86_64)
--
-- Host: localhost    Database: feminicidio
-- ------------------------------------------------------
-- Server version	5.7.27-0ubuntu0.16.04.1

/*!40101 SET @OLD_CHARACTER_SET_CLIENT=@@CHARACTER_SET_CLIENT */;
/*!40101 SET @OLD_CHARACTER_SET_RESULTS=@@CHARACTER_SET_RESULTS */;
/*!40101 SET @OLD_COLLATION_CONNECTION=@@COLLATION_CONNECTION */;
/*!40101 SET NAMES utf8 */;
/*!40103 SET @OLD_TIME_ZONE=@@TIME_ZONE */;
/*!40103 SET TIME_ZONE='+00:00' */;
/*!40014 SET @OLD_UNIQUE_CHECKS=@@UNIQUE_CHECKS, UNIQUE_CHECKS=0 */;
/*!40014 SET @OLD_FOREIGN_KEY_CHECKS=@@FOREIGN_KEY_CHECKS, FOREIGN_KEY_CHECKS=0 */;
/*!40101 SET @OLD_SQL_MODE=@@SQL_MODE, SQL_MODE='NO_AUTO_VALUE_ON_ZERO' */;
/*!40111 SET @OLD_SQL_NOTES=@@SQL_NOTES, SQL_NOTES=0 */;

--
-- Table structure for table `ATA`
--

DROP TABLE IF EXISTS `ATA`;
/*!40101 SET @saved_cs_client     = @@character_set_client */;
/*!40101 SET character_set_client = utf8 */;
CREATE TABLE `ATA` (
  `ID_ATA` bigint(20) NOT NULL AUTO_INCREMENT,
  `RESUMO` longtext,
  `DT_ATA` date DEFAULT NULL,
  `LCL` longtext,
  `HORA` varchar(44) DEFAULT NULL,
  `MATRICULA` longtext,
  `PREFIXO` longtext,
  `CARGO` longtext,
  `NAVEGADOR` longtext,
  `IP_MAQUINA` longtext,
  `DT_GRAVACAO` date DEFAULT NULL,
  PRIMARY KEY (`ID_ATA`) USING BTREE
) ENGINE=InnoDB AUTO_INCREMENT=24 DEFAULT CHARSET=latin1 ROW_FORMAT=DYNAMIC;
/*!40101 SET character_set_client = @saved_cs_client */;

--
-- Dumping data for table `ATA`
--

LOCK TABLES `ATA` WRITE;
/*!40000 ALTER TABLE `ATA` DISABLE KEYS */;
INSERT INTO `ATA` VALUES (1,NULL,NULL,NULL,NULL,'F7034899','9270',NULL,NULL,NULL,'2019-11-12'),(2,NULL,NULL,NULL,NULL,'F7034899','9270',NULL,NULL,NULL,'2019-11-12'),(3,NULL,NULL,NULL,NULL,'F7034899','9270',NULL,NULL,NULL,'2019-11-12'),(4,'L','2019-11-20','FSDFSDFSDFDFD',NULL,'F7034899','9270',NULL,NULL,NULL,'2019-11-12'),(5,NULL,NULL,NULL,NULL,'F7034899','9270',NULL,NULL,NULL,'2019-11-12'),(6,NULL,NULL,NULL,NULL,'F7034899','9270',NULL,NULL,NULL,'2019-11-12'),(7,NULL,NULL,NULL,NULL,'F7034899','9270',NULL,NULL,NULL,'2019-11-12'),(8,NULL,NULL,NULL,NULL,'F7034899','9270',NULL,NULL,NULL,'2019-11-12'),(9,NULL,NULL,NULL,NULL,'F7034899','9270',NULL,NULL,NULL,'2019-11-12'),(10,NULL,NULL,NULL,NULL,'F7034899','9270',NULL,NULL,NULL,'2019-11-12'),(11,NULL,NULL,NULL,NULL,'F7034899','9270',NULL,NULL,NULL,'2019-11-12'),(12,NULL,NULL,NULL,NULL,'F7034899','9270',NULL,NULL,NULL,'2019-11-12'),(13,NULL,NULL,NULL,NULL,'F7034899','9270',NULL,NULL,NULL,'2019-11-12'),(14,'teste ','2019-11-12','brasilia df ',NULL,'F7034899','9270',NULL,NULL,NULL,'2019-11-12'),(15,'testte','2019-11-12','brasilia df asa norte ',NULL,'F7034899','9270',NULL,NULL,NULL,'2019-11-12'),(16,'jfsdklafjsklfjç','2019-11-12','cjflkdsjflksd',NULL,'F7034899','9270',NULL,NULL,NULL,'2019-11-12'),(17,'JOEL FOI AGREDIDA PELA MULHER  COM O CABO DA VASSOURA','2019-11-12','AGUAS LINDAS GOIAS , PINHEIRO DOIS ',NULL,'F7034899','9270',NULL,NULL,NULL,'2019-11-12'),(18,'JOEL AGRESSOR DE TRAVECO ','2019-11-12','AGUAS LINDAS GOIAS PINHEIRO 2',NULL,'F7034899','9270',NULL,NULL,NULL,'2019-11-12'),(19,'FVF','2019-11-12','MLNKLÇK',NULL,'F7034899','9270',NULL,NULL,NULL,'2019-11-12'),(20,'joj','2019-11-12','ljljk',NULL,'F7034899','9270',NULL,NULL,NULL,'2019-11-12'),(21,'dfsf','2019-11-12','lklkjsf',NULL,'F7034899','9270',NULL,NULL,NULL,'2019-11-12'),(22,'lmlkm','2019-11-12','lkdflsdf',NULL,'F7034899','9270',NULL,NULL,NULL,'2019-11-12'),(23,'fffff','2019-11-12','fffff',NULL,'F7034899','9270',NULL,NULL,NULL,'2019-11-12');
/*!40000 ALTER TABLE `ATA` ENABLE KEYS */;
UNLOCK TABLES;

--
-- Table structure for table `ATA_ACAO`
--

DROP TABLE IF EXISTS `ATA_ACAO`;
/*!40101 SET @saved_cs_client     = @@character_set_client */;
/*!40101 SET character_set_client = utf8 */;
CREATE TABLE `ATA_ACAO` (
  `ID_ACAO` bigint(20) NOT NULL AUTO_INCREMENT,
  `ACAO` longtext,
  PRIMARY KEY (`ID_ACAO`) USING BTREE
) ENGINE=InnoDB AUTO_INCREMENT=4 DEFAULT CHARSET=latin1 ROW_FORMAT=DYNAMIC;
/*!40101 SET character_set_client = @saved_cs_client */;

--
-- Dumping data for table `ATA_ACAO`
--

LOCK TABLES `ATA_ACAO` WRITE;
/*!40000 ALTER TABLE `ATA_ACAO` DISABLE KEYS */;
INSERT INTO `ATA_ACAO` VALUES (1,'saia agora de casa e fuja'),(2,'JOEL HOMOFOBICO'),(3,'COME CU DE TRAVE');
/*!40000 ALTER TABLE `ATA_ACAO` ENABLE KEYS */;
UNLOCK TABLES;

--
-- Table structure for table `ATA_ACAO_ATA`
--

DROP TABLE IF EXISTS `ATA_ACAO_ATA`;
/*!40101 SET @saved_cs_client     = @@character_set_client */;
/*!40101 SET character_set_client = utf8 */;
CREATE TABLE `ATA_ACAO_ATA` (
  `ID_ATA` bigint(20) DEFAULT NULL,
  `ID_PAUTA` bigint(20) DEFAULT NULL,
  `ID_ACAO` bigint(20) DEFAULT NULL,
  `SITUACAO_ACAO` bigint(20) DEFAULT NULL
) ENGINE=InnoDB DEFAULT CHARSET=latin1 ROW_FORMAT=DYNAMIC;
/*!40101 SET character_set_client = @saved_cs_client */;

--
-- Dumping data for table `ATA_ACAO_ATA`
--

LOCK TABLES `ATA_ACAO_ATA` WRITE;
/*!40000 ALTER TABLE `ATA_ACAO_ATA` DISABLE KEYS */;
INSERT INTO `ATA_ACAO_ATA` VALUES (15,6,1,0),(15,6,2,0),(15,6,3,0);
/*!40000 ALTER TABLE `ATA_ACAO_ATA` ENABLE KEYS */;
UNLOCK TABLES;

--
-- Table structure for table `ATA_PARTICIPANTE`
--

DROP TABLE IF EXISTS `ATA_PARTICIPANTE`;
/*!40101 SET @saved_cs_client     = @@character_set_client */;
/*!40101 SET character_set_client = utf8 */;
CREATE TABLE `ATA_PARTICIPANTE` (
  `ID_PARTICIPANTE` bigint(20) NOT NULL AUTO_INCREMENT,
  `PARTICIPANTE` longtext,
  `NOMECAO` longtext,
  PRIMARY KEY (`ID_PARTICIPANTE`) USING BTREE
) ENGINE=InnoDB AUTO_INCREMENT=7 DEFAULT CHARSET=latin1 ROW_FORMAT=DYNAMIC;
/*!40101 SET character_set_client = @saved_cs_client */;

--
-- Dumping data for table `ATA_PARTICIPANTE`
--

LOCK TABLES `ATA_PARTICIPANTE` WRITE;
/*!40000 ALTER TABLE `ATA_PARTICIPANTE` DISABLE KEYS */;
INSERT INTO `ATA_PARTICIPANTE` VALUES (1,'FSDFSDFSDF',NULL),(2,'SGT CLODOMIR REIS',NULL),(3,'SGT JOEL FRANCISCO',NULL),(4,'sdsafdsf',NULL),(5,'fsdfsdfsd',NULL),(6,'dddddddd',NULL);
/*!40000 ALTER TABLE `ATA_PARTICIPANTE` ENABLE KEYS */;
UNLOCK TABLES;

--
-- Table structure for table `ATA_PARTICIPANTE_ATA`
--

DROP TABLE IF EXISTS `ATA_PARTICIPANTE_ATA`;
/*!40101 SET @saved_cs_client     = @@character_set_client */;
/*!40101 SET character_set_client = utf8 */;
CREATE TABLE `ATA_PARTICIPANTE_ATA` (
  `ID_ATA` bigint(20) DEFAULT NULL,
  `MATRICULA` longtext,
  `ID_PARTICIPANTE` bigint(20) DEFAULT NULL
) ENGINE=InnoDB DEFAULT CHARSET=latin1 ROW_FORMAT=DYNAMIC;
/*!40101 SET character_set_client = @saved_cs_client */;

--
-- Dumping data for table `ATA_PARTICIPANTE_ATA`
--

LOCK TABLES `ATA_PARTICIPANTE_ATA` WRITE;
/*!40000 ALTER TABLE `ATA_PARTICIPANTE_ATA` DISABLE KEYS */;
INSERT INTO `ATA_PARTICIPANTE_ATA` VALUES (4,NULL,1),(17,NULL,2),(17,NULL,3),(22,NULL,4),(23,NULL,6);
/*!40000 ALTER TABLE `ATA_PARTICIPANTE_ATA` ENABLE KEYS */;
UNLOCK TABLES;

--
-- Table structure for table `ATA_PAUTA`
--

DROP TABLE IF EXISTS `ATA_PAUTA`;
/*!40101 SET @saved_cs_client     = @@character_set_client */;
/*!40101 SET character_set_client = utf8 */;
CREATE TABLE `ATA_PAUTA` (
  `ID_PAUTA` bigint(20) NOT NULL AUTO_INCREMENT,
  `PAUTA` longtext,
  PRIMARY KEY (`ID_PAUTA`) USING BTREE
) ENGINE=InnoDB AUTO_INCREMENT=9 DEFAULT CHARSET=latin1 ROW_FORMAT=DYNAMIC;
/*!40101 SET character_set_client = @saved_cs_client */;

--
-- Dumping data for table `ATA_PAUTA`
--

LOCK TABLES `ATA_PAUTA` WRITE;
/*!40000 ALTER TABLE `ATA_PAUTA` DISABLE KEYS */;
INSERT INTO `ATA_PAUTA` VALUES (1,'FSDFSDFDF'),(2,'JOEL AGREDIU O TRAVECO MAIS FEIO PELO FATO DELE SER FEIO'),(3,'TESTE'),(4,'pauta teste'),(5,'teste'),(6,'teste'),(7,'fsdfsdfsdff'),(8,'sdsdsd');
/*!40000 ALTER TABLE `ATA_PAUTA` ENABLE KEYS */;
UNLOCK TABLES;

--
-- Table structure for table `ATA_PAUTA_ATA`
--

DROP TABLE IF EXISTS `ATA_PAUTA_ATA`;
/*!40101 SET @saved_cs_client     = @@character_set_client */;
/*!40101 SET character_set_client = utf8 */;
CREATE TABLE `ATA_PAUTA_ATA` (
  `ID_ATA` bigint(20) DEFAULT NULL,
  `ID_PAUTA` bigint(20) DEFAULT NULL
) ENGINE=InnoDB DEFAULT CHARSET=latin1 ROW_FORMAT=DYNAMIC;
/*!40101 SET character_set_client = @saved_cs_client */;

--
-- Dumping data for table `ATA_PAUTA_ATA`
--

LOCK TABLES `ATA_PAUTA_ATA` WRITE;
/*!40000 ALTER TABLE `ATA_PAUTA_ATA` DISABLE KEYS */;
INSERT INTO `ATA_PAUTA_ATA` VALUES (4,1),(18,2),(17,3),(14,4),(16,5),(15,6),(20,7),(23,8);
/*!40000 ALTER TABLE `ATA_PAUTA_ATA` ENABLE KEYS */;
UNLOCK TABLES;

--
-- Table structure for table `FEM_USUARIO`
--

DROP TABLE IF EXISTS `FEM_USUARIO`;
/*!40101 SET @saved_cs_client     = @@character_set_client */;
/*!40101 SET character_set_client = utf8 */;
CREATE TABLE `FEM_USUARIO` (
  `CPFATATACI` longtext,
  `NOMEAUTAAN` longtext,
  `ENDERECOCI` longtext
) ENGINE=InnoDB DEFAULT CHARSET=latin1 ROW_FORMAT=DYNAMIC;
/*!40101 SET character_set_client = @saved_cs_client */;

--
-- Dumping data for table `FEM_USUARIO`
--

LOCK TABLES `FEM_USUARIO` WRITE;
/*!40000 ALTER TABLE `FEM_USUARIO` DISABLE KEYS */;
/*!40000 ALTER TABLE `FEM_USUARIO` ENABLE KEYS */;
UNLOCK TABLES;

--
-- Table structure for table `usuarios`
--

DROP TABLE IF EXISTS `usuarios`;
/*!40101 SET @saved_cs_client     = @@character_set_client */;
/*!40101 SET character_set_client = utf8 */;
CREATE TABLE `usuarios` (
  `id` int(11) NOT NULL AUTO_INCREMENT,
  `cpf` varchar(255) DEFAULT NULL,
  `endereco` varchar(255) DEFAULT NULL,
  `nome` varchar(255) DEFAULT NULL,
  `senha` varchar(255) DEFAULT NULL,
  PRIMARY KEY (`id`) USING BTREE
) ENGINE=InnoDB AUTO_INCREMENT=14 DEFAULT CHARSET=utf8mb4 ROW_FORMAT=DYNAMIC;
/*!40101 SET character_set_client = @saved_cs_client */;

--
-- Dumping data for table `usuarios`
--

LOCK TABLES `usuarios` WRITE;
/*!40000 ALTER TABLE `usuarios` DISABLE KEYS */;
INSERT INTO `usuarios` VALUES (2,'5555','qnn','ana','123'),(12,'2019000','','policia','2019000'),(13,'44444444444','qnn','kika','123');
/*!40000 ALTER TABLE `usuarios` ENABLE KEYS */;
UNLOCK TABLES;
/*!40103 SET TIME_ZONE=@OLD_TIME_ZONE */;

/*!40101 SET SQL_MODE=@OLD_SQL_MODE */;
/*!40014 SET FOREIGN_KEY_CHECKS=@OLD_FOREIGN_KEY_CHECKS */;
/*!40014 SET UNIQUE_CHECKS=@OLD_UNIQUE_CHECKS */;
/*!40101 SET CHARACTER_SET_CLIENT=@OLD_CHARACTER_SET_CLIENT */;
/*!40101 SET CHARACTER_SET_RESULTS=@OLD_CHARACTER_SET_RESULTS */;
/*!40101 SET COLLATION_CONNECTION=@OLD_COLLATION_CONNECTION */;
/*!40111 SET SQL_NOTES=@OLD_SQL_NOTES */;

-- Dump completed on 2019-11-13  0:06:38
